<?xml version="1.0" encoding="UTF-8"?>
<!DOCTYPE mapper PUBLIC "-//mybatis.org//DTD Mapper 3.0//EN" "http://mybatis.org/dtd/mybatis-3-mapper.dtd">
<mapper namespace="cn.mesmile.member.mapper.SmsMapper">

    <!-- 通用查询映射结果 -->
    <resultMap id="BaseResultMap" type="cn.mesmile.member.entity.Sms">
        <id column="id" property="id" />
        <result column="template_code" property="templateCode" />
        <result column="country_code" property="countryCode" />
        <result column="mobile" property="mobile" />
        <result column="content" property="content" />
        <result column="status" property="status" />
        <result column="remark" property="remark" />
        <result column="last_update_time" property="lastUpdateTime" />
        <result column="created" property="created" />
    </resultMap>

    <!-- 通用查询结果列 -->
    <sql id="Base_Column_List">
        id, template_code, country_code, mobile, content, status, remark, last_update_time, created
    </sql>

</mapper>
