<?xml version="1.0" encoding="UTF-8"?>
<!DOCTYPE mapper PUBLIC "-//mybatis.org//DTD Mapper 3.0//EN" "http://mybatis.org/dtd/mybatis-3-mapper.dtd">
<mapper namespace="cn.mesmile.member.mapper.UserLoginLogMapper">

    <!-- 通用查询映射结果 -->
    <resultMap id="BaseResultMap" type="cn.mesmile.member.entity.UserLoginLog">
        <id column="id" property="id" />
        <result column="user_id" property="userId" />
        <result column="client_type" property="clientType" />
        <result column="login_ip" property="loginIp" />
        <result column="login_address" property="loginAddress" />
        <result column="login_time" property="loginTime" />
    </resultMap>

    <!-- 通用查询结果列 -->
    <sql id="Base_Column_List">
        id, user_id, client_type, login_ip, login_address, login_time
    </sql>

</mapper>
