<?xml version="1.0" encoding="UTF-8"?>
<!DOCTYPE mapper PUBLIC "-//mybatis.org//DTD Mapper 3.0//EN" "http://mybatis.org/dtd/mybatis-3-mapper.dtd">
<mapper namespace="cn.mesmile.member.mapper.UserBankMapper">

    <!-- 通用查询映射结果 -->
    <resultMap id="BaseResultMap" type="cn.mesmile.member.entity.UserBank">
        <id column="id" property="id" />
        <result column="user_id" property="userId" />
        <result column="remark" property="remark" />
        <result column="real_name" property="realName" />
        <result column="bank" property="bank" />
        <result column="bank_prov" property="bankProv" />
        <result column="bank_city" property="bankCity" />
        <result column="bank_addr" property="bankAddr" />
        <result column="bank_card" property="bankCard" />
        <result column="status" property="status" />
        <result column="last_update_time" property="lastUpdateTime" />
        <result column="created" property="created" />
    </resultMap>

    <!-- 通用查询结果列 -->
    <sql id="Base_Column_List">
        id, user_id, remark, real_name, bank, bank_prov, bank_city, bank_addr, bank_card, status, last_update_time, created
    </sql>

</mapper>
