<?xml version="1.0" encoding="UTF-8"?>
<!DOCTYPE mapper PUBLIC "-//mybatis.org//DTD Mapper 3.0//EN" "http://mybatis.org/dtd/mybatis-3-mapper.dtd">
<mapper namespace="cn.mesmile.member.mapper.UserAuthInfoMapper">

    <!-- 通用查询映射结果 -->
    <resultMap id="BaseResultMap" type="cn.mesmile.member.entity.UserAuthInfo">
        <id column="id" property="id" />
        <result column="user_id" property="userId" />
        <result column="image_url" property="imageUrl" />
        <result column="serialno" property="serialno" />
        <result column="last_update_time" property="lastUpdateTime" />
        <result column="created" property="created" />
        <result column="auth_code" property="authCode" />
    </resultMap>

    <!-- 通用查询结果列 -->
    <sql id="Base_Column_List">
        id, user_id, image_url, serialno, last_update_time, created, auth_code
    </sql>

</mapper>
