<?xml version="1.0" encoding="UTF-8"?>
<!DOCTYPE mapper PUBLIC "-//mybatis.org//DTD Mapper 3.0//EN" "http://mybatis.org/dtd/mybatis-3-mapper.dtd">
<mapper namespace="cn.mesmile.member.mapper.UserMemberMapper">

    <!-- 通用查询映射结果 -->
    <resultMap id="BaseResultMap" type="cn.mesmile.member.entity.UserMember">
        <id column="id" property="id" />
        <result column="type" property="type" />
        <result column="username" property="username" />
        <result column="country_code" property="countryCode" />
        <result column="mobile" property="mobile" />
        <result column="password" property="password" />
        <result column="paypassword" property="paypassword" />
        <result column="paypass_setting" property="paypassSetting" />
        <result column="email" property="email" />
        <result column="real_name" property="realName" />
        <result column="id_card_type" property="idCardType" />
        <result column="auth_status" property="authStatus" />
        <result column="ga_secret" property="gaSecret" />
        <result column="ga_status" property="gaStatus" />
        <result column="id_card" property="idCard" />
        <result column="level" property="level" />
        <result column="authtime" property="authtime" />
        <result column="logins" property="logins" />
        <result column="status" property="status" />
        <result column="invite_code" property="inviteCode" />
        <result column="invite_relation" property="inviteRelation" />
        <result column="direct_inviteid" property="directInviteid" />
        <result column="is_deductible" property="isDeductible" />
        <result column="reviews_status" property="reviewsStatus" />
        <result column="agent_note" property="agentNote" />
        <result column="access_key_id" property="accessKeyId" />
        <result column="access_key_secret" property="accessKeySecret" />
        <result column="refe_auth_id" property="refeAuthId" />
        <result column="last_update_time" property="lastUpdateTime" />
        <result column="created" property="created" />
    </resultMap>

    <!-- 通用查询结果列 -->
    <sql id="Base_Column_List">
        id, type, username, country_code, mobile, password, paypassword, paypass_setting, email, real_name, id_card_type, auth_status, ga_secret, ga_status, id_card, level, authtime, logins, status, invite_code, invite_relation, direct_inviteid, is_deductible, reviews_status, agent_note, access_key_id, access_key_secret, refe_auth_id, last_update_time, created
    </sql>

</mapper>
