<?xml version="1.0" encoding="UTF-8"?>
<!DOCTYPE mapper PUBLIC "-//mybatis.org//DTD Mapper 3.0//EN" "http://mybatis.org/dtd/mybatis-3-mapper.dtd">
<mapper namespace="cn.mesmile.exchange.mapper.EntrustOrderMapper">

    <!-- 通用查询映射结果 -->
    <resultMap id="BaseResultMap" type="cn.mesmile.exchange.entity.EntrustOrder">
        <id column="id" property="id" />
        <result column="user_id" property="userId" />
        <result column="market_id" property="marketId" />
        <result column="market_type" property="marketType" />
        <result column="symbol" property="symbol" />
        <result column="market_name" property="marketName" />
        <result column="price" property="price" />
        <result column="merge_low_price" property="mergeLowPrice" />
        <result column="merge_high_price" property="mergeHighPrice" />
        <result column="volume" property="volume" />
        <result column="amount" property="amount" />
        <result column="fee_rate" property="feeRate" />
        <result column="fee" property="fee" />
        <result column="contract_unit" property="contractUnit" />
        <result column="deal" property="deal" />
        <result column="freeze" property="freeze" />
        <result column="margin_rate" property="marginRate" />
        <result column="base_coin_rate" property="baseCoinRate" />
        <result column="price_coin_rate" property="priceCoinRate" />
        <result column="lock_margin" property="lockMargin" />
        <result column="price_type" property="priceType" />
        <result column="trade_type" property="tradeType" />
        <result column="type" property="type" />
        <result column="open_order_id" property="openOrderId" />
        <result column="status" property="status" />
        <result column="last_update_time" property="lastUpdateTime" />
        <result column="created" property="created" />
    </resultMap>

    <!-- 通用查询结果列 -->
    <sql id="Base_Column_List">
        id, user_id, market_id, market_type, symbol, market_name, price, merge_low_price, merge_high_price, volume, amount, fee_rate, fee, contract_unit, deal, freeze, margin_rate, base_coin_rate, price_coin_rate, lock_margin, price_type, trade_type, type, open_order_id, status, last_update_time, created
    </sql>

</mapper>
