<?xml version="1.0" encoding="UTF-8"?>
<!DOCTYPE mapper PUBLIC "-//mybatis.org//DTD Mapper 3.0//EN" "http://mybatis.org/dtd/mybatis-3-mapper.dtd">
<mapper namespace="cn.mesmile.exchange.mapper.MarketMapper">

    <!-- 通用查询映射结果 -->
    <resultMap id="BaseResultMap" type="cn.mesmile.exchange.entity.Market">
        <id column="id" property="id" />
        <result column="type" property="type" />
        <result column="trade_area_id" property="tradeAreaId" />
        <result column="sell_coin_id" property="sellCoinId" />
        <result column="buy_coin_id" property="buyCoinId" />
        <result column="symbol" property="symbol" />
        <result column="name" property="name" />
        <result column="title" property="title" />
        <result column="img" property="img" />
        <result column="open_price" property="openPrice" />
        <result column="fee_buy" property="feeBuy" />
        <result column="fee_sell" property="feeSell" />
        <result column="margin_rate" property="marginRate" />
        <result column="num_min" property="numMin" />
        <result column="num_max" property="numMax" />
        <result column="trade_min" property="tradeMin" />
        <result column="trade_max" property="tradeMax" />
        <result column="price_scale" property="priceScale" />
        <result column="num_scale" property="numScale" />
        <result column="contract_unit" property="contractUnit" />
        <result column="point_value" property="pointValue" />
        <result column="merge_depth" property="mergeDepth" />
        <result column="trade_time" property="tradeTime" />
        <result column="trade_week" property="tradeWeek" />
        <result column="sort" property="sort" />
        <result column="status" property="status" />
        <result column="fxcm_symbol" property="fxcmSymbol" />
        <result column="yahoo_symbol" property="yahooSymbol" />
        <result column="aliyun_symbol" property="aliyunSymbol" />
        <result column="last_update_time" property="lastUpdateTime" />
        <result column="created" property="created" />
    </resultMap>

    <!-- 通用查询结果列 -->
    <sql id="Base_Column_List">
        id, type, trade_area_id, sell_coin_id, buy_coin_id, symbol, name, title, img, open_price, fee_buy, fee_sell, margin_rate, num_min, num_max, trade_min, trade_max, price_scale, num_scale, contract_unit, point_value, merge_depth, trade_time, trade_week, sort, status, fxcm_symbol, yahoo_symbol, aliyun_symbol, last_update_time, created
    </sql>

</mapper>
