<?xml version="1.0" encoding="UTF-8"?>
<!DOCTYPE mapper PUBLIC "-//mybatis.org//DTD Mapper 3.0//EN" "http://mybatis.org/dtd/mybatis-3-mapper.dtd">
<mapper namespace="cn.mesmile.exchange.mapper.TurnoverOrderMapper">

    <!-- 通用查询映射结果 -->
    <resultMap id="BaseResultMap" type="cn.mesmile.exchange.entity.TurnoverOrder">
        <id column="id" property="id" />
        <result column="market_id" property="marketId" />
        <result column="market_type" property="marketType" />
        <result column="trade_type" property="tradeType" />
        <result column="symbol" property="symbol" />
        <result column="market_name" property="marketName" />
        <result column="sell_user_id" property="sellUserId" />
        <result column="sell_coin_id" property="sellCoinId" />
        <result column="sell_order_id" property="sellOrderId" />
        <result column="sell_price" property="sellPrice" />
        <result column="sell_fee_rate" property="sellFeeRate" />
        <result column="sell_volume" property="sellVolume" />
        <result column="buy_user_id" property="buyUserId" />
        <result column="buy_coin_id" property="buyCoinId" />
        <result column="buy_order_id" property="buyOrderId" />
        <result column="buy_volume" property="buyVolume" />
        <result column="buy_price" property="buyPrice" />
        <result column="buy_fee_rate" property="buyFeeRate" />
        <result column="order_id" property="orderId" />
        <result column="amount" property="amount" />
        <result column="price" property="price" />
        <result column="volume" property="volume" />
        <result column="deal_sell_fee" property="dealSellFee" />
        <result column="deal_sell_fee_rate" property="dealSellFeeRate" />
        <result column="deal_buy_fee" property="dealBuyFee" />
        <result column="deal_buy_fee_rate" property="dealBuyFeeRate" />
        <result column="status" property="status" />
        <result column="last_update_time" property="lastUpdateTime" />
        <result column="created" property="created" />
    </resultMap>

    <!-- 通用查询结果列 -->
    <sql id="Base_Column_List">
        id, market_id, market_type, trade_type, symbol, market_name, sell_user_id, sell_coin_id, sell_order_id, sell_price, sell_fee_rate, sell_volume, buy_user_id, buy_coin_id, buy_order_id, buy_volume, buy_price, buy_fee_rate, order_id, amount, price, volume, deal_sell_fee, deal_sell_fee_rate, deal_buy_fee, deal_buy_fee_rate, status, last_update_time, created
    </sql>

</mapper>
