<?xml version="1.0" encoding="UTF-8"?>
<!DOCTYPE mapper PUBLIC "-//mybatis.org//DTD Mapper 3.0//EN" "http://mybatis.org/dtd/mybatis-3-mapper.dtd">

<mapper namespace="com.jackson0714.passjava.content.dao.BannerDao">

	<!-- 可根据自己的需求，是否要使用 -->
    <resultMap type="com.jackson0714.passjava.content.entity.BannerEntity" id="bannerMap">
        <result property="id" column="id"/>
        <result property="imgUrl" column="img_url"/>
        <result property="title" column="title"/>
        <result property="displayOrder" column="display_order"/>
        <result property="enable" column="enable"/>
        <result property="renderType" column="render_type"/>
        <result property="renderUrl" column="render_url"/>
        <result property="delFlag" column="del_flag"/>
        <result property="createTime" column="create_time"/>
        <result property="updateTime" column="update_time"/>
    </resultMap>


</mapper>