<?xml version="1.0" encoding="UTF-8"?>
<configuration>
    <!--导入springboot基础logback配置，可以解决控制台日志非彩色问题 -->
    <include resource="org/springframework/boot/logging/logback/base.xml"/>
    <appender name="STDOUT" class="ch.qos.logback.core.ConsoleAppender">
        <!-- encoder 默认配置为PatternLayoutEncoder -->
        <encoder>
            <charset>UTF-8</charset>
            <pattern>%d{HH:mm:ss.SSS} [%thread] %-5level %logger{36} - %msg%n</pattern>
        </encoder>
    </appender>

    <appender name="rollingAppender" class="ch.qos.logback.core.rolling.RollingFileAppender">
        <rollingPolicy class="ch.qos.logback.core.rolling.TimeBasedRollingPolicy">
            <fileNamePattern>/logs/goodskill/goodskill-%d{yyyy-MM-dd}.log</fileNamePattern>
            <maxHistory>30</maxHistory>
        </rollingPolicy>
        <encoder><!-- 必须指定，否则不会往文件输出内容 -->
            <pattern>%d{HH:mm:ss.SSS} [%thread] %-5level %logger{5} - %msg%n</pattern>
        </encoder>
        <append>false</append>
        <prudent>false</prudent>
    </appender>

    <root level="INFO">
        <appender-ref ref="rollingAppender" />
    </root>

</configuration>