<?xml version="1.0" encoding="UTF-8"?>
<!DOCTYPE mapper PUBLIC "-//mybatis.org//DTD Mapper 3.0//EN" "http://mybatis.org/dtd/mybatis-3-mapper.dtd">

<mapper namespace="com.jackson0714.passjava.channel.dao.ChannelDao">

	<!-- 可根据自己的需求，是否要使用 -->
    <resultMap type="com.jackson0714.passjava.channel.entity.ChannelEntity" id="channelMap">
        <result property="id" column="id"/>
        <result property="name" column="name"/>
        <result property="appid" column="appid"/>
        <result property="appsecret" column="appsecret"/>
        <result property="delFlag" column="del_flag"/>
        <result property="createTime" column="create_time"/>
        <result property="updateTime" column="update_time"/>
    </resultMap>


</mapper>