<?xml version="1.0" encoding="UTF-8"?>
<!DOCTYPE mapper PUBLIC "-//mybatis.org//DTD Mapper 3.0//EN"
        "http://mybatis.org/dtd/mybatis-3-mapper.dtd">

<mapper namespace="cn.mesmile.product.mapper.ProductMapper">

<!--    <select id="selectCommentByTaskId" resultType="org.activiti.engine.impl.persistence.entity.CommentEntityImpl">-->
<!--        select * from ACT_HI_COMMENT where TASK_ID_ = #{taskId} order by TIME_ desc-->
<!--    </select>-->


    <!-- choose when otherwise 相当于switch  -->
    <!--    <update id="deleteUser">-->
    <!--        update user set deleted = 1 where id in-->
    <!--        <choose>-->
    <!--            <when test="userList != null and userList.size > 0">-->
    <!--                <foreach collection="userList" separator="," open="(" close=")" item="item">-->
    <!--                    ${item}-->
    <!--                </foreach>-->
    <!--            </when>-->
    <!--            <otherwise>-->
    <!--                (-1)-->
    <!--            </otherwise>-->
    <!--        </choose>-->
    <!--    </update>-->

    <!--
        <trim>
        </trim>
        prefix和suffix    在里面的内容中加上  前缀和后缀
        prefixOverrides   前置覆盖
        prefixOverrides   后置覆盖

       select * from user
        <trim prefix="where" suffix="后缀" prefixOverrides="AND | OR" suffixOverrides="AND | OR">
            <if test="name != null and name.length()>0">
                AND name=#{name}
            </if>
            <if test="gender != null and gender.length()>0">
                AND gender=#{gender}
            </if>
        </trim>
    -->

    <!--    &lt;!&ndash;自定义查询方法&ndash;&gt;-->
    <!--    <select id="selectAll" resultType="cn.mesmile.excel.entity.User">-->
    <!--        select * from user ${ew.customSqlSegment}-->
    <!--    </select>-->

    <!--    &lt;!&ndash;自定义分页查询方法having sum(age) > 30&ndash;&gt;-->
    <!--    <select id="selectUserPage" resultType="cn.mesmile.excel.entity.User">-->
    <!--        select * from user where group_name in (-->
    <!--            select group_name from user ${ew.customSqlSegment}-->
    <!--        )-->
    <!--    </select>-->

    <!--    <select id="selectAllByAge" resultType="cn.mesmile.excel.entity.User">-->
    <!--        select * from user-->
    <!--        <where>-->
    <!--            <if test="age != null">-->
    <!--                and age = #{age}-->
    <!--            </if>-->
    <!--        </where>-->
    <!--    </select>-->

    <!--    &lt;!&ndash;  连表查询  &ndash;&gt;-->
    <!--    <select id="selectGroupName" resultType="cn.mesmile.excel.entity.User">-->
    <!--        SELECT * FROM user WHERE group_name in (-->
    <!--            SELECT-->
    <!--                group_name-->
    <!--            FROM-->
    <!--                user-->
    <!--            GROUP BY-->
    <!--                group_name-->
    <!--            HAVING-->
    <!--                sum(age) > #{number}-->
    <!--        )-->
    <!--    </select>-->


</mapper>
