<?xml version="1.0" encoding="UTF-8"?>
<!DOCTYPE mapper PUBLIC "-//mybatis.org//DTD Mapper 3.0//EN" "http://mybatis.org/dtd/mybatis-3-mapper.dtd">
<mapper namespace="cn.mesmile.admin.mapper.ConfigMapper">

    <!-- 通用查询映射结果 -->
    <resultMap id="BaseResultMap" type="cn.mesmile.admin.entity.Config">
        <id column="id" property="id" />
        <result column="type" property="type" />
        <result column="code" property="code" />
        <result column="name" property="name" />
        <result column="desc" property="desc" />
        <result column="value" property="value" />
        <result column="created" property="created" />
    </resultMap>

    <!-- 通用查询结果列 -->
    <sql id="Base_Column_List">
        id, type, code, name, desc, value, created
    </sql>

</mapper>
