<?xml version="1.0" encoding="UTF-8"?>
<!DOCTYPE mapper PUBLIC "-//mybatis.org//DTD Mapper 3.0//EN" "http://mybatis.org/dtd/mybatis-3-mapper.dtd">
<mapper namespace="cn.mesmile.admin.mapper.MenuMapper">

    <!-- 通用查询映射结果 -->
    <resultMap id="BaseResultMap" type="cn.mesmile.admin.entity.Menu">
        <id column="id" property="id" />
        <result column="parent_id" property="parentId" />
        <result column="parent_key" property="parentKey" />
        <result column="type" property="type" />
        <result column="name" property="name" />
        <result column="desc" property="desc" />
        <result column="target_url" property="targetUrl" />
        <result column="sort" property="sort" />
        <result column="status" property="status" />
        <result column="create_by" property="createBy" />
        <result column="modify_by" property="modifyBy" />
        <result column="created" property="created" />
        <result column="last_update_time" property="lastUpdateTime" />
    </resultMap>

    <!-- 通用查询结果列 -->
    <sql id="Base_Column_List">
        id, parent_id, parent_key, type, name, desc, target_url, sort, status, create_by, modify_by, created, last_update_time
    </sql>

    <select id="listMenuByUserId" resultMap="BaseResultMap">
        SELECT DISTINCT
            sm.*
        FROM
            sys_menu AS sm
            LEFT JOIN sys_role_menu srm ON srm.menu_id = sm.id
            LEFT JOIN sys_user_role AS sur ON sur.role_id = srm.role_id
        WHERE
            sur.user_id = #{userId}
    </select>

    <select id="listMenuByUsername" resultMap="BaseResultMap">
        SELECT DISTINCT
            sm.*
        FROM
            sys_menu AS sm
            LEFT JOIN sys_role_menu srm ON srm.menu_id = sm.id
            LEFT JOIN sys_user_role AS sur ON sur.role_id = srm.role_id
			LEFT JOIN sys_user AS su ON su.id = sur.user_id
        WHERE
            su.username = #{username}
    </select>

</mapper>
