<?xml version="1.0" encoding="UTF-8"?>
<!DOCTYPE mapper PUBLIC "-//mybatis.org//DTD Mapper 3.0//EN" "http://mybatis.org/dtd/mybatis-3-mapper.dtd">
<mapper namespace="cn.mesmile.admin.mapper.PrivilegeMapper">

    <!-- 通用查询映射结果 -->
    <resultMap id="BaseResultMap" type="cn.mesmile.admin.entity.Privilege">
        <id column="id" property="id" />
        <result column="menu_id" property="menuId" />
        <result column="name" property="name" />
        <result column="description" property="description" />
        <result column="url" property="url" />
        <result column="method" property="method" />
        <result column="create_by" property="createBy" />
        <result column="modify_by" property="modifyBy" />
        <result column="created" property="created" />
        <result column="last_update_time" property="lastUpdateTime" />
    </resultMap>

    <!-- 通用查询结果列 -->
    <sql id="Base_Column_List">
        id, menu_id, name, description, url, method, create_by, modify_by, created, last_update_time
    </sql>

    <select id="listPrivilegeIdsByRoleId" resultType="long">
        SELECT
            privilege_id
        FROM
            sys_role_privilege
        WHERE
            role_id = #{roleId}
    </select>

</mapper>
