<?xml version="1.0" encoding="UTF-8"?>
<!DOCTYPE mapper PUBLIC "-//mybatis.org//DTD Mapper 3.0//EN" "http://mybatis.org/dtd/mybatis-3-mapper.dtd">
<mapper namespace="cn.mesmile.admin.mapper.RolePrivilegeUserMapper">

    <!-- 通用查询映射结果 -->
    <resultMap id="BaseResultMap" type="cn.mesmile.admin.entity.RolePrivilegeUser">
        <id column="id" property="id" />
        <result column="role_id" property="roleId" />
        <result column="user_id" property="userId" />
        <result column="privilege_id" property="privilegeId" />
    </resultMap>

    <!-- 通用查询结果列 -->
    <sql id="Base_Column_List">
        id, role_id, user_id, privilege_id
    </sql>

</mapper>
