<?xml version="1.0" encoding="UTF-8"?>
<!DOCTYPE mapper PUBLIC "-//mybatis.org//DTD Mapper 3.0//EN" "http://mybatis.org/dtd/mybatis-3-mapper.dtd">
<mapper namespace="cn.mesmile.admin.mapper.RoleMapper">

    <!-- 通用查询映射结果 -->
    <resultMap id="BaseResultMap" type="cn.mesmile.admin.entity.Role">
        <id column="id" property="id" />
        <result column="name" property="name" />
        <result column="code" property="code" />
        <result column="description" property="description" />
        <result column="create_by" property="createBy" />
        <result column="modify_by" property="modifyBy" />
        <result column="status" property="status" />
        <result column="created" property="created" />
        <result column="last_update_time" property="lastUpdateTime" />
    </resultMap>

    <!-- 通用查询结果列 -->
    <sql id="Base_Column_List">
        id, name, code, description, create_by, modify_by, status, created, last_update_time
    </sql>

    <select id="listRoleCodeByUserId" resultType="string">
        SELECT
            sr.code
        FROM
            sys_role AS sr
            LEFT JOIN sys_user_role AS sur ON sur.role_id = sr.id
        WHERE
            sur.user_id = #{userId}
    </select>

    <select id="listRoleCodeByUsername" resultType="string">
        SELECT
            sr.code
        FROM
            sys_role AS sr
            LEFT JOIN sys_user_role AS sur ON sur.role_id = sr.id
			LEFT JOIN sys_user as su ON su.id = sur.user_id
        WHERE
            su.username = #{username}
    </select>

</mapper>
