<?xml version="1.0" encoding="UTF-8"?>
<!DOCTYPE mapper PUBLIC "-//mybatis.org//DTD Mapper 3.0//EN" "http://mybatis.org/dtd/mybatis-3-mapper.dtd">
<mapper namespace="cn.mesmile.admin.mapper.UserRoleMapper">

    <!-- 通用查询映射结果 -->
    <resultMap id="BaseResultMap" type="cn.mesmile.admin.entity.UserRole">
        <id column="id" property="id" />
        <result column="role_id" property="roleId" />
        <result column="user_id" property="userId" />
        <result column="create_by" property="createBy" />
        <result column="modify_by" property="modifyBy" />
        <result column="created" property="created" />
        <result column="last_update_time" property="lastUpdateTime" />
    </resultMap>

    <!-- 通用查询结果列 -->
    <sql id="Base_Column_List">
        id, role_id, user_id, create_by, modify_by, created, last_update_time
    </sql>

    <select id="listRoleIdByUserId" resultType="long">
        SELECT
            role_id
        FROM
            sys_user_role
        WHERE
            user_id = #{userId}
    </select>

</mapper>
