<?xml version="1.0" encoding="UTF-8"?>
<!DOCTYPE mapper PUBLIC "-//mybatis.org//DTD Mapper 3.0//EN" "http://mybatis.org/dtd/mybatis-3-mapper.dtd">
<mapper namespace="cn.mesmile.admin.mapper.UserLogMapper">

    <!-- 通用查询映射结果 -->
    <resultMap id="BaseResultMap" type="cn.mesmile.admin.entity.UserLog">
        <id column="id" property="id" />
        <result column="group" property="group" />
        <result column="user_id" property="userId" />
        <result column="type" property="type" />
        <result column="method" property="method" />
        <result column="params" property="params" />
        <result column="time" property="time" />
        <result column="ip" property="ip" />
        <result column="description" property="description" />
        <result column="remark" property="remark" />
        <result column="created" property="created" />
    </resultMap>

    <!-- 通用查询结果列 -->
    <sql id="Base_Column_List">
        id, group, user_id, type, method, params, time, ip, description, remark, created
    </sql>

</mapper>
