<?xml version="1.0" encoding="UTF-8"?>
<!DOCTYPE mapper PUBLIC "-//mybatis.org//DTD Mapper 3.0//EN" "http://mybatis.org/dtd/mybatis-3-mapper.dtd">
<mapper namespace="cn.mesmile.admin.mapper.WebConfigMapper">

    <!-- 通用查询映射结果 -->
    <resultMap id="BaseResultMap" type="cn.mesmile.admin.entity.WebConfig">
        <id column="id" property="id" />
        <result column="type" property="type" />
        <result column="name" property="name" />
        <result column="value" property="value" />
        <result column="sort" property="sort" />
        <result column="created" property="created" />
        <result column="url" property="url" />
        <result column="status" property="status" />
    </resultMap>

    <!-- 通用查询结果列 -->
    <sql id="Base_Column_List">
        id, type, name, value, sort, created, url, status
    </sql>

</mapper>
