<?xml version="1.0" encoding="UTF-8"?>
<!--<!DOCTYPE configuration>-->
<configuration>
    <include resource="org/springframework/boot/logging/logback/defaults.xml"/>
    <include resource="org/springframework/boot/logging/logback/console-appender.xml"/>
    <!--应用名称-->
    <property name="APP_NAME" value="goodskill-es"/>
    <!--日志文件保存路径-->
    <property name="LOG_FILE_PATH" value="${LOG_FILE:-${LOG_PATH:-${LOG_TEMP:-${java.io.tmpdir:-/tmp}}}/logs}"/>
    <!--每天记录日志到文件appender-->
    <appender name="FILE" class="ch.qos.logback.core.rolling.RollingFileAppender">
        <rollingPolicy class="ch.qos.logback.core.rolling.TimeBasedRollingPolicy">
            <fileNamePattern>${LOG_FILE_PATH}/${APP_NAME}-%d{yyyy-MM-dd}.log</fileNamePattern>
            <maxHistory>30</maxHistory>
        </rollingPolicy>
        <encoder>
            <pattern>${FILE_LOG_PATTERN}</pattern>
        </encoder>
    </appender>
    <!--输出到logstash的appender-->

    <springProfile name="docker">
        <appender name="LOGSTASH" class="net.logstash.logback.appender.LogstashTcpSocketAppender">
            <!--可以访问的logstash日志收集端口-->
            <destination>logstash:4560</destination>
            <encoder charset="UTF-8" class="net.logstash.logback.encoder.LogstashEncoder"/>
        </appender>
        <root level="INFO">
            <appender-ref ref="CONSOLE"/>
            <appender-ref ref="FILE"/>
            <appender-ref ref="LOGSTASH"/>
        </root>
    </springProfile>

    <springProfile name="dev">
        <root level="INFO">
            <appender-ref ref="CONSOLE"/>
            <appender-ref ref="FILE"/>
        </root>
    </springProfile>
</configuration>
