<?xml version="1.0" encoding="UTF-8"?>
<!DOCTYPE mapper PUBLIC "-//mybatis.org//DTD Mapper 3.0//EN" "http://mybatis.org/dtd/mybatis-3-mapper.dtd">
<mapper namespace="cn.mesmile.finance.mapper.AccountMapper">

    <!-- 通用查询映射结果 -->
    <resultMap id="BaseResultMap" type="cn.mesmile.finance.entity.Account">
        <id column="id" property="id" />
        <result column="user_id" property="userId" />
        <result column="coin_id" property="coinId" />
        <result column="status" property="status" />
        <result column="balance_amount" property="balanceAmount" />
        <result column="freeze_amount" property="freezeAmount" />
        <result column="recharge_amount" property="rechargeAmount" />
        <result column="withdrawals_amount" property="withdrawalsAmount" />
        <result column="net_value" property="netValue" />
        <result column="lock_margin" property="lockMargin" />
        <result column="float_profit" property="floatProfit" />
        <result column="total_profit" property="totalProfit" />
        <result column="rec_addr" property="recAddr" />
        <result column="version" property="version" />
        <result column="last_update_time" property="lastUpdateTime" />
        <result column="created" property="created" />
    </resultMap>

    <!-- 通用查询结果列 -->
    <sql id="Base_Column_List">
        id, user_id, coin_id, status, balance_amount, freeze_amount, recharge_amount, withdrawals_amount, net_value, lock_margin, float_profit, total_profit, rec_addr, version, last_update_time, created
    </sql>

</mapper>
