<?xml version="1.0" encoding="UTF-8"?>
<!DOCTYPE mapper PUBLIC "-//mybatis.org//DTD Mapper 3.0//EN" "http://mybatis.org/dtd/mybatis-3-mapper.dtd">
<mapper namespace="cn.mesmile.finance.mapper.AdminAddressMapper">

    <!-- 通用查询映射结果 -->
    <resultMap id="BaseResultMap" type="cn.mesmile.finance.entity.AdminAddress">
        <id column="id" property="id" />
        <result column="coin_id" property="coinId" />
        <result column="keystore" property="keystore" />
        <result column="pwd" property="pwd" />
        <result column="address" property="address" />
        <result column="status" property="status" />
        <result column="coin_type" property="coinType" />
    </resultMap>

    <!-- 通用查询结果列 -->
    <sql id="Base_Column_List">
        id, coin_id, keystore, pwd, address, status, coin_type
    </sql>

</mapper>
