<?xml version="1.0" encoding="UTF-8"?>
<!DOCTYPE mapper PUBLIC "-//mybatis.org//DTD Mapper 3.0//EN" "http://mybatis.org/dtd/mybatis-3-mapper.dtd">
<mapper namespace="cn.mesmile.finance.mapper.CashWithdrawalsMapper">

    <!-- 通用查询映射结果 -->
    <resultMap id="BaseResultMap" type="cn.mesmile.finance.entity.CashWithdrawals">
        <id column="id" property="id" />
        <result column="user_id" property="userId" />
        <result column="coin_id" property="coinId" />
        <result column="account_id" property="accountId" />
        <result column="num" property="num" />
        <result column="fee" property="fee" />
        <result column="mum" property="mum" />
        <result column="truename" property="truename" />
        <result column="bank" property="bank" />
        <result column="bank_prov" property="bankProv" />
        <result column="bank_city" property="bankCity" />
        <result column="bank_addr" property="bankAddr" />
        <result column="bank_card" property="bankCard" />
        <result column="remark" property="remark" />
        <result column="step" property="step" />
        <result column="status" property="status" />
        <result column="created" property="created" />
        <result column="last_update_time" property="lastUpdateTime" />
        <result column="last_time" property="lastTime" />
    </resultMap>

    <!-- 通用查询结果列 -->
    <sql id="Base_Column_List">
        id, user_id, coin_id, account_id, num, fee, mum, truename, bank, bank_prov, bank_city, bank_addr, bank_card, remark, step, status, created, last_update_time, last_time
    </sql>

</mapper>
