<?xml version="1.0" encoding="UTF-8"?>
<!DOCTYPE mapper PUBLIC "-//mybatis.org//DTD Mapper 3.0//EN" "http://mybatis.org/dtd/mybatis-3-mapper.dtd">
<mapper namespace="cn.mesmile.finance.mapper.CoinBalanceMapper">

    <!-- 通用查询映射结果 -->
    <resultMap id="BaseResultMap" type="cn.mesmile.finance.entity.CoinBalance">
        <id column="id" property="id" />
        <result column="coin_id" property="coinId" />
        <result column="coin_name" property="coinName" />
        <result column="system_balance" property="systemBalance" />
        <result column="coin_type" property="coinType" />
        <result column="collect_account_balance" property="collectAccountBalance" />
        <result column="loan_account_balance" property="loanAccountBalance" />
        <result column="fee_account_balance" property="feeAccountBalance" />
        <result column="last_update_time" property="lastUpdateTime" />
        <result column="created" property="created" />
        <result column="recharge_account_balance" property="rechargeAccountBalance" />
    </resultMap>

    <!-- 通用查询结果列 -->
    <sql id="Base_Column_List">
        id, coin_id, coin_name, system_balance, coin_type, collect_account_balance, loan_account_balance, fee_account_balance, last_update_time, created, recharge_account_balance
    </sql>

</mapper>
