<?xml version="1.0" encoding="UTF-8"?>
<!DOCTYPE mapper PUBLIC "-//mybatis.org//DTD Mapper 3.0//EN" "http://mybatis.org/dtd/mybatis-3-mapper.dtd">
<mapper namespace="cn.mesmile.finance.mapper.CoinWithdrawAuditRecordMapper">

    <!-- 通用查询映射结果 -->
    <resultMap id="BaseResultMap" type="cn.mesmile.finance.entity.CoinWithdrawAuditRecord">
        <id column="id" property="id" />
        <result column="order_id" property="orderId" />
        <result column="status" property="status" />
        <result column="remark" property="remark" />
        <result column="step" property="step" />
        <result column="audit_user_id" property="auditUserId" />
        <result column="audit_user_name" property="auditUserName" />
        <result column="created" property="created" />
    </resultMap>

    <!-- 通用查询结果列 -->
    <sql id="Base_Column_List">
        id, order_id, status, remark, step, audit_user_id, audit_user_name, created
    </sql>

</mapper>
