<?xml version="1.0" encoding="UTF-8"?>
<!DOCTYPE mapper PUBLIC "-//mybatis.org//DTD Mapper 3.0//EN" "http://mybatis.org/dtd/mybatis-3-mapper.dtd">
<mapper namespace="cn.mesmile.finance.mapper.CoinRechargeMapper">

    <!-- 通用查询映射结果 -->
    <resultMap id="BaseResultMap" type="cn.mesmile.finance.entity.CoinRecharge">
        <id column="id" property="id" />
        <result column="user_id" property="userId" />
        <result column="coin_id" property="coinId" />
        <result column="coin_name" property="coinName" />
        <result column="coin_type" property="coinType" />
        <result column="address" property="address" />
        <result column="confirm" property="confirm" />
        <result column="status" property="status" />
        <result column="txid" property="txid" />
        <result column="amount" property="amount" />
        <result column="last_update_time" property="lastUpdateTime" />
        <result column="created" property="created" />
    </resultMap>

    <!-- 通用查询结果列 -->
    <sql id="Base_Column_List">
        id, user_id, coin_id, coin_name, coin_type, address, confirm, status, txid, amount, last_update_time, created
    </sql>

</mapper>
