<?xml version="1.0" encoding="UTF-8"?>
<!DOCTYPE mapper PUBLIC "-//mybatis.org//DTD Mapper 3.0//EN" "http://mybatis.org/dtd/mybatis-3-mapper.dtd">
<mapper namespace="cn.mesmile.finance.mapper.ForexCoinMapper">

    <!-- 通用查询映射结果 -->
    <resultMap id="BaseResultMap" type="cn.mesmile.finance.entity.ForexCoin">
        <id column="id" property="id" />
        <result column="name" property="name" />
        <result column="title" property="title" />
        <result column="sort" property="sort" />
        <result column="status" property="status" />
        <result column="last_update_time" property="lastUpdateTime" />
        <result column="created" property="created" />
    </resultMap>

    <!-- 通用查询结果列 -->
    <sql id="Base_Column_List">
        id, name, title, sort, status, last_update_time, created
    </sql>

</mapper>
