<?xml version="1.0" encoding="UTF-8"?>
<!DOCTYPE mapper PUBLIC "-//mybatis.org//DTD Mapper 3.0//EN" "http://mybatis.org/dtd/mybatis-3-mapper.dtd">
<mapper namespace="cn.mesmile.finance.mapper.ForexAccountMapper">

    <!-- 通用查询映射结果 -->
    <resultMap id="BaseResultMap" type="cn.mesmile.finance.entity.ForexAccount">
        <id column="id" property="id" />
        <result column="user_id" property="userId" />
        <result column="market_id" property="marketId" />
        <result column="market_name" property="marketName" />
        <result column="type" property="type" />
        <result column="amount" property="amount" />
        <result column="lock_amount" property="lockAmount" />
        <result column="status" property="status" />
        <result column="last_update_time" property="lastUpdateTime" />
        <result column="created" property="created" />
    </resultMap>

    <!-- 通用查询结果列 -->
    <sql id="Base_Column_List">
        id, user_id, market_id, market_name, type, amount, lock_amount, status, last_update_time, created
    </sql>

</mapper>
