<?xml version="1.0" encoding="UTF-8"?>
<!DOCTYPE mapper PUBLIC "-//mybatis.org//DTD Mapper 3.0//EN" "http://mybatis.org/dtd/mybatis-3-mapper.dtd">
<mapper namespace="cn.mesmile.finance.mapper.ForexAccountDetailMapper">

    <!-- 通用查询映射结果 -->
    <resultMap id="BaseResultMap" type="cn.mesmile.finance.entity.ForexAccountDetail">
        <id column="id" property="id" />
        <result column="account_id" property="accountId" />
        <result column="type" property="type" />
        <result column="amount" property="amount" />
        <result column="remark" property="remark" />
        <result column="created" property="created" />
    </resultMap>

    <!-- 通用查询结果列 -->
    <sql id="Base_Column_List">
        id, account_id, type, amount, remark, created
    </sql>

</mapper>
