<?xml version="1.0" encoding="UTF-8"?>
<!DOCTYPE mapper PUBLIC "-//mybatis.org//DTD Mapper 3.0//EN" "http://mybatis.org/dtd/mybatis-3-mapper.dtd">
<mapper namespace="cn.mesmile.finance.mapper.ForexClosePositionOrderMapper">

    <!-- 通用查询映射结果 -->
    <resultMap id="BaseResultMap" type="cn.mesmile.finance.entity.ForexClosePositionOrder">
        <id column="id" property="id" />
        <result column="user_id" property="userId" />
        <result column="market_id" property="marketId" />
        <result column="market_name" property="marketName" />
        <result column="type" property="type" />
        <result column="account_id" property="accountId" />
        <result column="entrust_order_id" property="entrustOrderId" />
        <result column="order_id" property="orderId" />
        <result column="price" property="price" />
        <result column="num" property="num" />
        <result column="open_id" property="openId" />
        <result column="profit" property="profit" />
        <result column="unlock_margin" property="unlockMargin" />
        <result column="last_update_time" property="lastUpdateTime" />
        <result column="created" property="created" />
    </resultMap>

    <!-- 通用查询结果列 -->
    <sql id="Base_Column_List">
        id, user_id, market_id, market_name, type, account_id, entrust_order_id, order_id, price, num, open_id, profit, unlock_margin, last_update_time, created
    </sql>

</mapper>
