<beans xmlns="http://www.springframework.org/schema/beans"
       xmlns:xsi="http://www.w3.org/2001/XMLSchema-instance"
       xsi:schemaLocation="http://www.springframework.org/schema/beans
                        http://www.springframework.org/schema/beans/spring-beans-3.1.xsd">

    <!-- 缓存管理器 使用Ehcache实现 -->
    <bean id="cacheManager" class="org.apache.shiro.cache.ehcache.EhCacheManager">
        <property name="cacheManagerConfigFile" value="classpath:ehcache.xml" />
    </bean>

    <!-- 凭证匹配器 -->
    <bean id="credentialsMatcher" class="com.goodskill.web.shiro.RetryLimitHashedCredentialsMatcher">
        <constructor-arg ref="cacheManager" />
        <property name="hashAlgorithmName" value="md5" />
        <property name="hashIterations" value="2" />
        <property name="storedCredentialsHexEncoded" value="true" />
    </bean>

    <!-- Realm实现 -->
    <bean id="userRealm" class="com.goodskill.web.shiro.UserRealm">
        <property name="credentialsMatcher" ref="credentialsMatcher" />
    </bean>

    <bean id="accessTokenRealm" class="com.goodskill.web.shiro.AuthUserRealm">
        <property name="credentialsMatcher" ref="credentialsMatcher" />
    </bean>

    <!-- 安全管理器 -->
    <bean id="securityManager" class="org.apache.shiro.web.mgt.DefaultWebSecurityManager">
        <property name="realms">
            <list>
                <ref bean="userRealm"/>
                <ref bean="accessTokenRealm"/>
            </list>
        </property>
    </bean>

    <!-- Shiro的Web过滤器 -->
    <bean id="shiroFilter" class="org.apache.shiro.spring.web.ShiroFilterFactoryBean">
        <property name="securityManager" ref="securityManager" />
        <property name="loginUrl" value="${goodskill.loginUrl}" />
        <property name="unauthorizedUrl" value="/" />
        <property name="filterChainDefinitions">
            <value>
                /seckill/admin/** = roles[管理员]
                /html/admin/** = roles[管理员]
                /seckill/** = authc
                /** = anon
            </value>
        </property>
    </bean>

    <bean id="lifecycleBeanPostProcessor" class="org.apache.shiro.spring.LifecycleBeanPostProcessor" />
</beans>