<?xml version="1.0" encoding="UTF-8"?>
<!DOCTYPE generatorConfiguration PUBLIC "-//mybatis.org//DTD MyBatis Generator Configuration 1.0//EN" "http://mybatis.org/dtd/mybatis-generator-config_1_0.dtd">
<generatorConfiguration>
	<classPathEntry location="./mysql-connector-java-8.0.11.jar" />
	<context id="testTables" targetRuntime="MyBatis3">
		<plugin type="org.mybatis.generator.plugins.ToStringPlugin"></plugin>
		<plugin type="org.mybatis.generator.plugins.EqualsHashCodePlugin"></plugin>
		<plugin type="org.mybatis.generator.plugins.SerializablePlugin"></plugin>
		<commentGenerator>
			<!-- 是否去除自动生成的注释 true：是 ： false:否 -->
			<property name="suppressAllComments" value="true" />
		</commentGenerator>
		<!--数据库连接的信息：驱动类、连接地址、用户名、密码 -->
		<jdbcConnection driverClass="com.mysql.cj.jdbc.Driver"
                        connectionURL="jdbc:mysql://127.0.0.1:3306/seckill?useUnicode=true&amp;characterEncoding=utf8&amp;serverTimezone=UTC&amp;useSSL=false"
                        userId="root"
                        password="****">
		</jdbcConnection> 
 
		<!-- 默认false，把JDBC DECIMAL 和 NUMERIC 类型解析为 Integer，为 true时把JDBC DECIMAL 和 
			NUMERIC 类型解析为java.math.BigDecimal -->
		<javaTypeResolver>
			<property name="forceBigDecimals" value="false" />
		</javaTypeResolver>
 
		<!-- targetProject:生成PO类的位置 -->
		<javaModelGenerator targetPackage="com.goodskill.entity"
			targetProject="../goodskill-entry/src/main/java">
			<!-- enableSubPackages:是否让schema作为包的后缀 -->
			<property name="enableSubPackages" value="false" />
			<!-- 从数据库返回的值被清理前后的空格 -->
			<property name="trimStrings" value="true" />
		</javaModelGenerator>
        <!-- targetProject:mapper映射文件生成的位置 -->
		<sqlMapGenerator targetPackage="mapper" 
			targetProject="../goodskill-dao/src/main/resources">
			<!-- enableSubPackages:是否让schema作为包的后缀 -->
			<property name="enableSubPackages" value="false" />
		</sqlMapGenerator>
		<!-- targetPackage：mapper接口生成的位置 -->
		<javaClientGenerator type="XMLMAPPER"
			targetPackage="com.goodskill.dao"
			targetProject="../goodskill-dao/src/main/java">
			<!-- enableSubPackages:是否让schema作为包的后缀 -->
			<property name="enableSubPackages" value="false" />
		</javaClientGenerator>
		<!-- 指定数据库表 -->
		<!--<table tableName="items"></table> -->
		<table tableName="success_killed"></table>
	</context>
</generatorConfiguration>